id,name,site_id,endpoints
28215,Всплывающая форма #28215,185,"[""ConvertSocialLandingsPopups""]"
29254,Попап #1 - Лендинг lite RU #29254,185,"[""ConvertSocialLandingsPopups""]"
29262,Попап #2 - Лендинг blogger RU #29262,185,"[""ConvertSocialLandingsPopups""]"
29263,Попап #3 - Сайт convertsocial - форма 2 (бот) RU #29263,185,"[""ConvertSocialLandingsPopups""]"
29264,Попап #5 - Лендинг blogger EN #29264,185,"[""ConvertSocialLandingsPopups""]"
29405,Попап #4 - Лендинг Lite EN  #29405,185,"[""ConvertSocialLandingsPopups""]"
30237,Попап #6 - Сайт convertsocial - разные кнопки на главной RU #30237,185,"[""ConvertSocialLandingsPopups""]"
30323,Попап #7 - Сайт convertsocial - разные кнопки на главной EN #30323,185,"[""ConvertSocialLandingsPopups""]"
30338,Попап #8 - Сайт convertsocial - (бот) EN #30338,185,"[""ConvertSocialLandingsPopups""]"
33341,Всплывающая форма start.admitad.com/ru #33341,201,"[""AdmitadAffiliatepopups""]"
33407,Всплывающая форма start.admitad.com/by #33407,201,"[""AdmitadAffiliatepopups""]"
33817,Встроенный блок Blog RU #33817,238,"[""ConvertSocialLandingsPopups""]"
33960,Всплывающая форма start.admitad.com/ua #33960,201,"[""AdmitadAffiliatepopups""]"
34057,Попап - beautyguide RU #34057,211,"[""ConvertSocialLandingsPopups""]"
34059,Попап - fashionguide RU #34059,211,"[""ConvertSocialLandingsPopups""]"
34773,Всплывающая форма promo.admitad.com/in/advertiser #34773,221,"[""AdmitadAffiliatepopups""]"
35260,academy.admitad.com/webinar/arbitrage Встроенный блок #35260,232,"[""AdmitadAcademy""]"
35284,Popup info.admitad.com/advcourse - заглушка #35284,233,"[""AdmitadAcademy""]"
35554,Popup academy.affiliate.admitad.com/course/turbo #35554,540,"[""AdmitadAcademy""]"
35971,promo.convertsocial.admitad.com - на проведение 90 сек EN - Всплывающая форма #35971,211,"[""ConvertSocialLandingsPopups""]"
36058,convertsocial.blog - на проведение 2 мин RU - Всплывающая форма #36058,238,"[""ConvertSocialLandingsPopups""]"
36223,Копия Встроенный блок Blog RU #36223,238,"[""ConvertSocialLandingsPopups""]"
36685,convertsocial.admitad.com/en - на проведение 90 сек EN - Всплывающая форма #36685,265,"[""ConvertSocialLandingsPopups""]"
36686,convertsocial.admitad.com/ru/ - на проведение 90 сек RU - Всплывающая форма #36686,265,"[""ConvertSocialLandingsPopups""]"
37692,Всплывающая форма #37692,334,"[""AdmitadCashback""]"
38256,Onboarding popup шаг #2 RU - Всплывающая форма #38256 (launch 14.06.22),225,"[""Admitad""]"
38589,Onboarding ЛК #1 EN - Всплывающая форма #38589,344,"[""ConvertSocialLandingsPopups""]"
39278,Всплывающая форма promo.admitad.com/ua/aliexpress #39278,221,"[""AdmitadAffiliatepopups""]"
39442,Всплывающая форма promo.admitad.com/ua/aliexpress ДА #39278,221,"[""AdmitadAffiliatepopups""]"
39446,Onboarding popup шаг #3 RU - Всплывающая форма #39446 (launch 14.06.22),225,"[""Admitad""]"
39447,Onboarding popup шаг #4 RU - Всплывающая форма #39447 (launch 14.06.22),225,"[""Admitad""]"
39746,Onboarding popup шаг #5 RU - Всплывающая форма #39746 (launch 14.06.22),225,"[""Admitad""]"
39807,Popup academy.admitad.com/ru/course/yandexdzen #39807,540,"[""AdmitadAcademy""]"
40285,Popup academy.admitad.com/ru/course/mailru RU #40285,232,"[""AdmitadAcademy""]"
40300,info.admitad.com/course/arbitrazh Встроенный блок RU #40300,233,"[""AdmitadAcademy""]"
40301,academy.admitad.com/coursefree Встроенный блок RU #40301,232,"[""AdmitadAcademy""]"
40363,CS Blog подписка на рассылку - горизонтальная EN #40363,343,"[""ConvertSocialLandingsPopups""]"
40680,CS Blog подписка на рассылку - вертикальная EN - Встроенный блок #40680,343,"[""ConvertSocialLandingsPopups""]"
40750,Всплывающая форма start.admitad.com/in #40750,201,"[""AdmitadAffiliatepopups""]"
40972,promo.convertsocial.admitad.com  DE - на проведение 90 сек - Всплывающая форма #40972,211,"[""ConvertSocialLandingsPopups""]"
41076,promo.convertsocial.admitad.com  PL - на проведение 90 сек - Всплывающая форма #41076,211,"[""ConvertSocialLandingsPopups""]"
41296,Всплывающая форма moneylink.admitad.com/ru #41296,490,"[""AdmitadMonetize""]"
41319,Block CS PA banner EN - 1 #41319,544,"[""ConvertSocialLandingsPopups""]"
41399,Всплывающая форма moneylink.admitad.com/pl #41399,490,"[""AdmitadMonetize""]"
41400,Всплывающая форма moneylink.admitad.com/fr #41400,490,"[""AdmitadMonetize""]"
41413,Всплывающая форма moneylink.admitad.com/en #41413,490,"[""AdmitadMonetize""]"
41417,Всплывающая форма moneylink.admitad.com/de #41417,490,"[""AdmitadMonetize""]"
41517,Всплывающая форма blogger.admitad.com/ru #41517,511,"[""AdmitadAffiliatepopups""]"
42453,convertsocial.admitad.com/de - на проведение 90 сек DE - Всплывающая форма #42453,265,"[""ConvertSocialLandingsPopups""]"
42455,convertsocial.admitad.com/pl - на проведение 90 сек PL - Всплывающая форма #42455,265,"[""ConvertSocialLandingsPopups""]"
45769,Block CS PA banner EN - 2 #45769,217,"[""ConvertSocialLandingsPopups""]"
45770,Block CS PA banner EN - 3 #45770,217,"[""ConvertSocialLandingsPopups""]"
45771,Block CS PC banner EN - 4 #45771,217,"[""ConvertSocialLandingsPopups""]"
45803,Block CS PC banner EN - 5 #45803,217,"[""ConvertSocialLandingsPopups""]"
45804,Block CS PC banner EN - 6 #45804,217,"[""ConvertSocialLandingsPopups""]"
45805,Block CS PC banner EN - 7 #45805,217,"[""ConvertSocialLandingsPopups""]"
45806,Block CS PC banner EN - 8 #45806,217,"[""ConvertSocialLandingsPopups""]"
45807,Block CS PC banner EN - 9 #45807,217,"[""ConvertSocialLandingsPopups""]"
45808,Block CS PC banner EN - 10 #45808,217,"[""ConvertSocialLandingsPopups""]"
45833,Popup onboarding USA EN step #2 #45833,225,"[""Admitad""]"
45834,Popup onboarding USA EN step #3 #45834,225,"[""Admitad""]"
45835,Popup onboarding USA EN step #4 #45835,225,"[""Admitad""]"
45836,Popup onboarding USA EN step #5 #45836,225,"[""Admitad""]"
45934,Дубль №1 для теста #45934,265,"[""ConvertSocialLandingsPopups""]"
45946,Popup onboarding India EN step #2 #45946,225,"[""Admitad""]"
45947,Popup onboarding India EN step #3 #45947,225,"[""Admitad""]"
45948,Popup onboarding India EN step #4 #45948,225,"[""Admitad""]"
45949,Popup onboarding India EN step #5 #45949,225,"[""Admitad""]"
45950,Popup onboarding Germany DE step #2 #45950,225,"[""Admitad""]"
45951,Popup onboarding Germany DE step #3 #45951,225,"[""Admitad""]"
45952,Popup onboarding Germany DE step #4 #45952,225,"[""Admitad""]"
45953,Popup onboarding Germany DE step #5 #45953,225,"[""Admitad""]"
45954,Popup onboarding Poland PL step #2 #45954,225,"[""Admitad""]"
45955,Popup onboarding Poland PL step #3 #45955,225,"[""Admitad""]"
45956,Popup onboarding Poland PL step #4 #45956,225,"[""Admitad""]"
45957,Popup onboarding Poland PL step #5 #45957,225,"[""Admitad""]"
45960,Popup onboarding Brazil PT step #2 #45960,225,"[""Admitad""]"
45961,Popup onboarding Brazil PT step #3 #45961,225,"[""Admitad""]"
45962,Popup onboarding Brazil PT step #4 #45962,225,"[""Admitad""]"
45963,Popup onboarding Brazil PT step #5 #45963,225,"[""Admitad""]"
45965,Popup onboarding Italy IT step #3 #45965,225,"[""Admitad""]"
45966,Popup onboarding Italy IT step #4 #45966,225,"[""Admitad""]"
45967,Popup onboarding Italy IT step #5 #45967,225,"[""Admitad""]"
46007,Popup onboarding Spain ES step #2 #46007,225,"[""Admitad""]"
46008,Popup onboarding Spain ES step #3 #46008,225,"[""Admitad""]"
46009,Popup onboarding Spain ES step #4 #46009,225,"[""Admitad""]"
46010,Popup onboarding Spain ES step #5 #46010,225,"[""Admitad""]"
46013,Popup onboarding France FR step #2 #46013,225,"[""Admitad""]"
46014,Popup onboarding France FR step #3 #46014,225,"[""Admitad""]"
46015,Popup onboarding France FR step #4 #46015,225,"[""Admitad""]"
46016,Popup onboarding France FR step #5 #46016,225,"[""Admitad""]"
46223,Onboarding popup шаг #2.1 RU - Всплывающая форма #46223,225,"[""Admitad""]"
46224,Onboarding popup шаг #3.1 RU - Всплывающая форма #46224,225,"[""Admitad""]"
46225,Onboarding popup шаг #4.1 RU - Всплывающая форма #46225,225,"[""Admitad""]"
46226,Onboarding popup шаг #5.1 RU - Всплывающая форма #46226,225,"[""Admitad""]"
46262,Popup marathon.admitad.com/october-gala-2022 EN #46262,543,"[""Admitad""]"
46389,Popup convertsocial.admitad.com/en - для инактивных/уходящих EN - #46389,265,"[""ConvertSocialLandingsPopups""]"
46450,Popup onboarding CS EN 1 (add adspace - yes) #46450,544,"[""ConvertSocialLandingsPopups""]"
46472,ORD Time to update your links RU #46472,225,"[""Admitad""]"
46508,ORD Time to update your links EN #46508,225,"[""Admitad""]"
46515,Popup onboarding CS EN 2 (add adspace - no) #46515,544,"[""ConvertSocialLandingsPopups""]"
46516,Popup onboarding CS EN 3 (first click - yes) #46516,544,"[""ConvertSocialLandingsPopups""]"
46517,Popup onboarding CS EN 4 (first click - no) #46517,544,"[""ConvertSocialLandingsPopups""]"
46518,Popup onboarding CS EN 5 (first action - yes) #46518,544,"[""ConvertSocialLandingsPopups""]"
46519,Popup onboarding CS EN 6 (first action - no) #46519,544,"[""ConvertSocialLandingsPopups""]"
46520,Popup onboarding CS EN 7 (first money - yes) #46520,544,"[""ConvertSocialLandingsPopups""]"
46521,Popup onboarding CS EN 8 (first payout- yes) #46521,544,"[""ConvertSocialLandingsPopups""]"
46522,Popup onboarding USA EN step #2.1 #46522,225,"[""Admitad""]"
46523,Popup onboarding USA EN step #3.1 #46523,225,"[""Admitad""]"
46524,Popup onboarding USA EN step #4.1 #46524,225,"[""Admitad""]"
46525,Popup onboarding USA EN step #5.1 #46525,225,"[""Admitad""]"
46570,Popup onboarding India EN step #2.1 #46570,225,"[""Admitad""]"
46571,Popup onboarding India EN step #3.1 #46571,225,"[""Admitad""]"
46572,Popup onboarding India EN step #4.1 #46572,225,"[""Admitad""]"
46573,Popup onboarding India EN step #5.1 #46573,225,"[""Admitad""]"
46733,Popup onboarding Belarus BY step #2 #46733,225,"[""Admitad""]"
46734,Popup onboarding Belarus BY step #3 #46734,225,"[""Admitad""]"
46735,Popup onboarding Belarus BY step #4 #46735,225,"[""Admitad""]"
46736,Popup onboarding Belarus BY step #5 #46736,225,"[""Admitad""]"
46737,Popup onboarding Belarus BY step #2.1 #46737,225,"[""Admitad""]"
46738,Popup onboarding Belarus BY step #3.1 #46738,225,"[""Admitad""]"
46739,Popup onboarding Belarus BY step #4.1 #46739,225,"[""Admitad""]"
46740,Popup onboarding Belarus BY step #5.1 #46740,225,"[""Admitad""]"
46845,Popup onboarding Ukraine UA step #2 #46845,225,"[""Admitad""]"
46846,Popup onboarding Ukraine UA step #3 #46846,225,"[""Admitad""]"
46847,Popup onboarding Ukraine UA step #4 #46847,225,"[""Admitad""]"
46848,Popup onboarding Ukraine UA step #5 #46848,225,"[""Admitad""]"
46849,Popup onboarding Ukraine UA step #2.1 #46849,225,"[""Admitad""]"
46850,Popup onboarding Ukraine UA step #3.1 #46850,225,"[""Admitad""]"
46851,Popup onboarding Ukraine UA step #4.1 #46851,225,"[""Admitad""]"
46852,Popup onboarding Ukraine UA step #5.1 #46852,225,"[""Admitad""]"
47048,Всплывающая форма sme.admitad.ru RU #47048,545,"[""AdmitadAffiliatepopups""]"
47385,Popup onboarding Kazakhstan KZ step #2 #47385,225,"[""Admitad""]"
47386,Popup onboarding Kazakhstan KZ step #3 #47386,225,"[""Admitad""]"
47387,Popup onboarding Kazakhstan KZ step #4 #47387,225,"[""Admitad""]"
47388,Popup onboarding Kazakhstan KZ step #5 #47388,225,"[""Admitad""]"
47389,Popup onboarding Kazakhstan KZ step #2.1 #47389,225,"[""Admitad""]"
47390,Popup onboarding Kazakhstan KZ step #3.1 #47390,225,"[""Admitad""]"
47391,Popup onboarding Kazakhstan KZ step #4.1 #47391,225,"[""Admitad""]"
47392,Popup onboarding Kazakhstan KZ step #5.1 #47392,225,"[""Admitad""]"
