id,site,platform,url,formFactor,condition,runIdx,score,fcp,lcp,tbt,cls,si,tti,bytes,requests,ttfb,mainDocBytes,platformBytes,platformReqs,lhDurationMs,timestamp,error
urbanarmorgear_mobile_baseline_1,urbanarmorgear,Maestra,https://urbanarmorgear.com,mobile,baseline,1,0.08,8268.566899999998,58811.736299999975,3597.000000000011,0.34470300000000004,31951.782361435,62042.57486000001,43580344,427,284.342,35113,234254,20,56389,2026-05-21T18:38:29.581Z,
urbanarmorgear_mobile_blocked_1,urbanarmorgear,Maestra,https://urbanarmorgear.com,mobile,blocked,1,0.21,8519.55475,48322.92109999996,3475.4999999999873,0.134508,28774.57915674689,49853.69714999996,38186051,364,144.326,35113,0,1,54816,2026-05-21T18:39:24.439Z,
urbanarmorgear_mobile_baseline_2,urbanarmorgear,Maestra,https://urbanarmorgear.com,mobile,baseline,2,0.09,8741.6476,55406.14749999999,3268.999999999989,0.34470300000000004,29047.796342100217,58602.092694999985,40394845,426,307.616,35113,62499,20,55745,2026-05-21T18:40:20.233Z,
urbanarmorgear_mobile_blocked_2,urbanarmorgear,Maestra,https://urbanarmorgear.com,mobile,blocked,2,0.21,8276.600699999999,54901.53175000003,2904.0000000000036,0.126912,31183.729518629625,57380.77754500003,40094393,381,152.465,35114,0,2,55712,2026-05-21T18:41:15.997Z,
urbanarmorgear_mobile_baseline_3,urbanarmorgear,Maestra,https://urbanarmorgear.com,mobile,baseline,3,0.08,8191.61275,57241.52075,3688.0000000000036,0.34470300000000004,29699.32100891148,60132.27277499999,42961083,444,564.327,35113,62535,22,56398,2026-05-21T18:42:12.439Z,
urbanarmorgear_mobile_blocked_3,urbanarmorgear,Maestra,https://urbanarmorgear.com,mobile,blocked,3,0.2,8197.755275000001,58058.06487499997,3730.4999999999836,0.134508,21876.167220186944,60522.30403999996,43429933,387,731.605,35113,0,2,20043,2026-05-21T18:42:32.504Z,
urbanarmorgear_mobile_baseline_4,urbanarmorgear,Maestra,https://urbanarmorgear.com,mobile,baseline,4,0.09,8205.47795,50253.44510999997,3574.499999999993,0.33710700000000005,27542.37294998215,53298.598143999974,39195988,422,161.31300000000002,35115,262745,19,55050,2026-05-21T18:43:27.570Z,
urbanarmorgear_mobile_blocked_4,urbanarmorgear,Maestra,https://urbanarmorgear.com,mobile,blocked,4,0.21,8183.0714,48944.69012999998,2926.0000000000036,0.126912,28549.843363438704,52152.81214699999,38664635,373,191.326,35113,0,1,54321,2026-05-21T18:44:21.944Z,
urbanarmorgear_mobile_baseline_5,urbanarmorgear,Maestra,https://urbanarmorgear.com,mobile,baseline,5,0.09,8375.5614,48673.6697,3139.9999999999873,0.33710700000000005,27144.772593083027,52997.97185,39457260,411,132.31300000000002,35112,262587,19,56145,2026-05-21T18:45:18.138Z,
urbanarmorgear_mobile_blocked_5,urbanarmorgear,Maestra,https://urbanarmorgear.com,mobile,blocked,5,0.21,8142.682899999998,52430.13189999998,3214.1027000000026,0.126912,31288.169318247517,54999.34907999997,43239899,364,148.073,35114,0,1,55004,2026-05-21T18:46:13.187Z,
urbanarmorgear_mobile_baseline_6,urbanarmorgear,Maestra,https://urbanarmorgear.com,mobile,baseline,6,0.11,8644.102,54035.581481933616,3566.9999999999927,0.27611800000000003,28192.353372965517,57723.097866870114,39694128,416,129.01000000000002,35113,263390,19,55401,2026-05-21T18:47:08.610Z,
urbanarmorgear_mobile_blocked_6,urbanarmorgear,Maestra,https://urbanarmorgear.com,mobile,blocked,6,0.21,8228.74985,50231.58945,2815.0000000000146,0.134508,29724.379797592337,53179.67101499999,41669943,375,162.54399999999998,35113,0,2,55265,2026-05-21T18:48:03.893Z,
urbanarmorgear_mobile_baseline_7,urbanarmorgear,Maestra,https://urbanarmorgear.com,mobile,baseline,7,0.09,8278.2066,56712.38469999996,3148.000000000002,0.34470300000000004,29956.29825479515,59951.54819999996,43572183,410,310.313,35114,262918,19,55460,2026-05-21T18:48:59.369Z,
urbanarmorgear_mobile_blocked_7,urbanarmorgear,Maestra,https://urbanarmorgear.com,mobile,blocked,7,0.21,8784.8174,56468.42864999999,2803,0.134508,31048.57690186773,57203.507415,40910287,372,185.62,35114,0,1,55030,2026-05-21T18:49:54.421Z,
urbanarmorgear_mobile_baseline_8,urbanarmorgear,Maestra,https://urbanarmorgear.com,mobile,baseline,8,0.06,8573.615999999998,54137.30800000005,3584.000000000011,0.436983,29751.82096815016,56884.82985000004,43280200,427,548.727,35115,63218,22,55271,2026-05-21T18:50:49.744Z,
urbanarmorgear_mobile_blocked_8,urbanarmorgear,Maestra,https://urbanarmorgear.com,mobile,blocked,8,0.21,8221.1485,53248.30901000001,2853.0000000000036,0.134508,31192.029120823543,55433.77110899998,40595730,406,318.098,35114,0,2,55526,2026-05-21T18:51:45.289Z,
urbanarmorgear_mobile_baseline_9,urbanarmorgear,Maestra,https://urbanarmorgear.com,mobile,baseline,9,0.1,8348.9306,55616.193900000035,3681.0000000000036,0.306507,27211.23285792562,57988.90646000001,43071888,413,171.8,35113,263247,19,55976,2026-05-21T18:52:41.295Z,
urbanarmorgear_mobile_blocked_9,urbanarmorgear,Maestra,https://urbanarmorgear.com,mobile,blocked,9,0.21,8540.513350000001,49916.78010000003,2954.790200000004,0.134508,28275.611081790907,52317.93719000004,39044085,386,152.849,35113,0,1,55401,2026-05-21T18:53:36.712Z,
urbanarmorgear_mobile_baseline_10,urbanarmorgear,Maestra,https://urbanarmorgear.com,mobile,baseline,10,0.09,8145.6489,54548.89502999998,3401.4999999999964,0.34481100000000003,29659.868498696494,58823.32822699999,41082403,410,124.762,35116,262840,19,56508,2026-05-21T18:54:33.238Z,
urbanarmorgear_mobile_blocked_10,urbanarmorgear,Maestra,https://urbanarmorgear.com,mobile,blocked,10,0.21,8424.5382,51985.62170000002,3477.000000000018,0.134508,30512.511423718403,53961.70389500001,39408910,388,304.305,35114,0,2,55763,2026-05-21T18:55:29.050Z,
urbanarmorgear_desktop_baseline_1,urbanarmorgear,Maestra,https://urbanarmorgear.com,desktop,baseline,1,0.5,1967.2382499999999,8024.902350000004,75.5,0.17369300000000001,13309.329942092247,8578.23313,30659411,382,178.244,35112,263855,19,56281,2026-05-21T18:56:25.348Z,
urbanarmorgear_desktop_blocked_1,urbanarmorgear,Maestra,https://urbanarmorgear.com,desktop,blocked,1,0.56,1945.3971000000001,7638.283300000004,109.79329999999891,0.064425,9253.488019848297,8242.203820000004,29519180,360,144.69400000000002,35114,0,1,55253,2026-05-21T18:57:20.617Z,
urbanarmorgear_desktop_baseline_2,urbanarmorgear,Maestra,https://urbanarmorgear.com,desktop,baseline,2,0.5,1938.6755000000007,8738.452140966794,42.99999999999818,0.175142,9501.137661080715,9464.66122,31131072,428,541.5229999999999,35113,263104,22,57261,2026-05-21T18:58:17.893Z,
urbanarmorgear_desktop_blocked_2,urbanarmorgear,Maestra,https://urbanarmorgear.com,desktop,blocked,2,0.57,1941.9311,7455.552740966799,110,0.060478000000000004,9393.92458373408,8312.891460409544,31051929,358,185.03199999999998,35114,0,1,55615,2026-05-21T18:59:13.526Z,
urbanarmorgear_desktop_baseline_3,urbanarmorgear,Maestra,https://urbanarmorgear.com,desktop,baseline,3,0.5,1922.8466999999996,7929.250240966797,58,0.185524,9025.320485535383,8334.242386870117,29231108,400,167.619,35114,234035,19,57002,2026-05-21T19:00:10.574Z,
urbanarmorgear_desktop_blocked_3,urbanarmorgear,Maestra,https://urbanarmorgear.com,desktop,blocked,3,0.57,1928.9307,8242.700750000004,84.99999999999909,0.060478000000000004,9611.359906423313,8881.529470409545,31103892,387,428.04600000000005,35113,0,2,56188,2026-05-21T19:01:06.779Z,
urbanarmorgear_desktop_baseline_4,urbanarmorgear,Maestra,https://urbanarmorgear.com,desktop,baseline,4,0.49,1914.5382,7609.248111933597,106.50000000000045,0.18552399999999997,8874.16661619243,8735.092595000002,29410584,395,153.78,35113,263037,19,56978,2026-05-21T19:02:03.782Z,
urbanarmorgear_desktop_blocked_4,urbanarmorgear,Maestra,https://urbanarmorgear.com,desktop,blocked,4,0.57,1977.8405000000002,7861.334481933594,93.99999999999955,0.060478000000000004,9504.339980558483,8716.641275000004,29241022,364,234.37399999999997,35113,0,1,56304,2026-05-21T19:03:00.106Z,
urbanarmorgear_desktop_baseline_5,urbanarmorgear,Maestra,https://urbanarmorgear.com,desktop,baseline,5,0.48,2036.5769999999998,7910.209981933593,91,0.20409999999999998,9042.48319885337,9309.872600000002,30969965,393,144.44299999999998,35112,262644,19,55914,2026-05-21T19:03:56.036Z,
urbanarmorgear_desktop_blocked_5,urbanarmorgear,Maestra,https://urbanarmorgear.com,desktop,blocked,5,0.56,1987.4032500000003,7677.415740966795,121.99999999999909,0.064425,9411.252916909158,8191.118569999998,26150009,369,219.23000000000002,35113,0,2,56062,2026-05-21T19:04:52.143Z,
urbanarmorgear_desktop_baseline_6,urbanarmorgear,Maestra,https://urbanarmorgear.com,desktop,baseline,6,0.49,1915.3650499999999,8455.381699999998,84,0.18618099999999999,9462.466974754612,9087.607059999993,29290918,413,241.176,35113,234611,20,57106,2026-05-21T19:05:49.274Z,
urbanarmorgear_desktop_blocked_6,urbanarmorgear,Maestra,https://urbanarmorgear.com,desktop,blocked,6,0.57,2027.3161,7373.143540966798,76,0.060478000000000004,9277.88115719921,8026.835463199464,28492470,350,139.22199999999998,35113,0,1,55964,2026-05-21T19:06:45.294Z,
urbanarmorgear_desktop_baseline_7,urbanarmorgear,Maestra,https://urbanarmorgear.com,desktop,baseline,7,0.48,2021.3901,8940.796040966792,72.00000000000091,0.199873,9564.872162070336,9390.35602,32166815,403,147,35112,262760,19,60832,2026-05-21T19:07:46.143Z,
urbanarmorgear_desktop_blocked_7,urbanarmorgear,Maestra,https://urbanarmorgear.com,desktop,blocked,7,0.57,1991.0969,8324.916642443844,117.5,0.033394,10761.597526927568,8572.97168319946,29198974,352,308.692,35114,0,2,56345,2026-05-21T19:08:42.505Z,
urbanarmorgear_desktop_baseline_8,urbanarmorgear,Maestra,https://urbanarmorgear.com,desktop,baseline,8,0.48,1946.7870499999997,8091.400840966795,83.99999999999909,0.204066,9049.648734709474,8326.308566870115,31829690,399,240.462,35114,234131,19,57889,2026-05-21T19:09:40.442Z,
urbanarmorgear_desktop_blocked_8,urbanarmorgear,Maestra,https://urbanarmorgear.com,desktop,blocked,8,0.57,1980.0117499999997,8301.323250000001,96.99999999999909,0.060478,9621.332482068678,8693.325394999998,29490287,361,164.737,35113,0,1,56925,2026-05-21T19:10:37.381Z,
urbanarmorgear_desktop_baseline_9,urbanarmorgear,Maestra,https://urbanarmorgear.com,desktop,baseline,9,0.55,1964.5695000000003,7824.999115075683,85.5,0.096123,13597.853851503372,8783.738467000001,29008897,390,160.976,35114,234626,19,57820,2026-05-21T19:11:35.222Z,
urbanarmorgear_desktop_blocked_9,urbanarmorgear,Maestra,https://urbanarmorgear.com,desktop,blocked,9,0.57,1921.261,7328.086740966797,86.62700000000268,0.060478,9509.183391229259,8244.829700000002,30417698,357,150.61499999999998,35115,0,1,56284,2026-05-21T19:12:31.524Z,
urbanarmorgear_desktop_baseline_10,urbanarmorgear,Maestra,https://urbanarmorgear.com,desktop,baseline,10,0.49,1963.4151999999997,8164.608127246096,63.00000000000091,0.199873,9525.215535338619,8957.429770316772,28393369,417,377.63300000000004,35115,62507,22,58235,2026-05-21T19:13:29.779Z,
urbanarmorgear_desktop_blocked_10,urbanarmorgear,Maestra,https://urbanarmorgear.com,desktop,blocked,10,0.57,1942.4984999999997,7581.349499999998,74.99999999999955,0.064425,9499.624420326329,8070.920874999999,28407251,352,140.58499999999998,35115,0,1,57058,2026-05-21T19:14:26.892Z,
zone3_mobile_baseline_1,zone3,Maestra,https://zone3.com,mobile,baseline,1,0.32,2784.97425,7253.1795,4389.000000000018,0,14163.131666008365,42312.708697000024,7684903,625,6.363000000000003,124956,303288,18,70368,2026-05-21T19:15:37.280Z,
zone3_mobile_blocked_1,zone3,Maestra,https://zone3.com,mobile,blocked,1,0.27,4006.3774999999996,10718.429500000006,5012.574000000004,0,14867.452921130078,39775.53247628251,7150888,581,7.521000000000001,125577,0,1,65322,2026-05-21T19:16:42.616Z,
zone3_mobile_baseline_2,zone3,Maestra,https://zone3.com,mobile,baseline,2,0.28,3861.2919999999995,11037.273000000001,5765.999999999996,0,15280.556257732223,42377.614226,7691492,628,6.411999999999999,124993,305272,22,64742,2026-05-21T19:17:47.380Z,
zone3_mobile_blocked_2,zone3,Maestra,https://zone3.com,mobile,blocked,2,0.29,3446.1870000000004,10407.186999999998,5409.54339428863,0,16433.1947504845,39469.98096628249,7152766,583,8.026,125571,0,1,65787,2026-05-21T19:18:53.184Z,
zone3_mobile_baseline_3,zone3,Maestra,https://zone3.com,mobile,baseline,3,0.3,3137.8360000000002,9537.448000000004,6421.054000000006,0,15289.134337737232,42666.9484092825,7682810,608,5.491999999999997,125575,304641,18,71668,2026-05-21T19:20:04.868Z,
zone3_mobile_blocked_3,zone3,Maestra,https://zone3.com,mobile,blocked,3,0.33,2723.2586,7052.842,3614.0000000000064,0,13971.234858247848,39918.652525,7161580,598,5.225,124967,0,1,67640,2026-05-21T19:21:12.528Z,
zone3_mobile_baseline_4,zone3,Maestra,https://zone3.com,mobile,baseline,4,0.31,2878.674699999999,8437.605499999998,4477.499999999989,0,14068.58966944366,42328.91089999998,7694489,630,6.5909999999999975,124954,304444,21,70625,2026-05-21T19:22:23.180Z,
zone3_mobile_blocked_4,zone3,Maestra,https://zone3.com,mobile,blocked,4,0.29,3410.675,9954.675,5732.000000000003,0,14861.889593249212,39968.37861638311,7145513,579,5.366,125574,0,1,71133,2026-05-21T19:23:34.362Z,
zone3_mobile_baseline_5,zone3,Maestra,https://zone3.com,mobile,baseline,5,0.28,3860.152500000001,10480.588500000005,5783.682615000019,0,15263.311256027142,42452.632853500036,7688921,621,5.868,125004,304121,18,70493,2026-05-21T19:24:44.873Z,
zone3_mobile_blocked_5,zone3,Maestra,https://zone3.com,mobile,blocked,5,0.28,3925.0925000000007,11010.6515,4194.500000000002,0,15768.24480584856,39268.866960282496,7152775,585,6.880000000000003,125579,0,1,66911,2026-05-21T19:25:51.827Z,
zone3_mobile_baseline_6,zone3,Maestra,https://zone3.com,mobile,baseline,6,0.29,3466.3440000000005,10184.122999999994,6411.014000000004,0,15021.167186359,43932.04457615114,7682350,608,7.604000000000003,125593,304100,18,70373,2026-05-21T19:27:02.220Z,
zone3_mobile_blocked_6,zone3,Maestra,https://zone3.com,mobile,blocked,6,0.29,3280.6981000000005,10321.951999999997,5613.527506924428,0,16474.550219771332,39751.51093238312,7152224,583,5.481999999999999,125588,0,1,67114,2026-05-21T19:28:09.357Z,
zone3_mobile_baseline_7,zone3,Maestra,https://zone3.com,mobile,baseline,7,0.28,3908.4104999999995,11316.060500000007,6222.999999999994,0,16768.9617810922,43715.75302615111,7682404,611,6.969000000000001,125577,304494,21,65937,2026-05-21T19:29:15.333Z,
zone3_mobile_blocked_7,zone3,Maestra,https://zone3.com,mobile,blocked,7,0.31,3099.3005000000003,9355.7775,3442.813500000004,0,13619.699329600977,40219.76033999999,7162727,600,6.440999999999999,124958,0,1,67076,2026-05-21T19:30:22.426Z,
zone3_mobile_baseline_8,zone3,Maestra,https://zone3.com,mobile,baseline,8,0.32,2821.43145,7085.409000000001,4273.500000000018,0,15224.71216567139,42896.44548850001,7708620,626,6.8039999999999985,124946,304545,18,75010,2026-05-21T19:31:37.452Z,
zone3_mobile_blocked_8,zone3,Maestra,https://zone3.com,mobile,blocked,8,0.33,2728.3563,7506.924500000001,3330.0000000000036,0,13441.804079606103,40240.97711558716,7162729,598,6.675000000000001,124935,0,1,65162,2026-05-21T19:32:42.656Z,
zone3_mobile_baseline_9,zone3,Maestra,https://zone3.com,mobile,baseline,9,0.31,2832.7862,8146.320500000001,4626.499999999985,0,14085.764263608811,42589.3430362825,7678858,608,5.48,125577,304036,18,70090,2026-05-21T19:33:52.761Z,
zone3_mobile_blocked_9,zone3,Maestra,https://zone3.com,mobile,blocked,9,0.31,2996.542999999999,9298.7745,3977,0,16699.82825347966,41327.39339615113,7153866,583,7.017999999999997,125532,0,1,65146,2026-05-21T19:34:57.926Z,
zone3_mobile_baseline_10,zone3,Maestra,https://zone3.com,mobile,baseline,10,0.32,2793.5522499999997,8304.0915,3719.5980000000054,0,13775.964505538193,42683.83209700002,7695928,626,7.702999999999999,124938,306900,18,76657,2026-05-21T19:36:14.627Z,
zone3_mobile_blocked_10,zone3,Maestra,https://zone3.com,mobile,blocked,10,0.32,2792.6886999999997,7495.778000000002,3801.5000000000073,0,13809.525529298318,40128.57783528249,7158606,584,8.38,125541,0,1,68680,2026-05-21T19:37:23.359Z,
zone3_desktop_baseline_1,zone3,Maestra,https://zone3.com,desktop,baseline,1,0.51,868.0865,2323.5865,751.5899300000005,0.000764,4765.016605296051,9351.956523151124,8108767,608,6.634,125313,304335,18,76933,2026-05-21T19:38:40.315Z,
zone3_desktop_blocked_1,zone3,Maestra,https://zone3.com,desktop,blocked,1,0.74,730.6722500000001,1918.6320000000003,225.50000000000045,0.000465,4035.7905106911157,7252.656243572754,7597026,601,6.5489999999999995,124960,0,1,70198,2026-05-21T19:39:50.555Z,
zone3_desktop_baseline_2,zone3,Maestra,https://zone3.com,desktop,baseline,2,0.52,865.99865,2207.7095,737.5000000000032,0.000764,5116.929588308905,8752.939069782506,8110401,614,5.488999999999999,125321,304857,22,74037,2026-05-21T19:41:04.608Z,
zone3_desktop_blocked_2,zone3,Maestra,https://zone3.com,desktop,blocked,2,0.52,897.02,2450.0199999999995,652.9999999999989,0.000764,4659.05358279009,7356.34029615112,7576477,580,6.956999999999999,125304,0,1,75893,2026-05-21T19:42:20.517Z,
zone3_desktop_baseline_3,zone3,Maestra,https://zone3.com,desktop,baseline,3,0.63,725.1854999999999,2133.1304999999993,398.50000000000273,0.001137,4326.464743152028,8786.670513000001,8120792,627,6.495000000000001,124954,304331,18,70432,2026-05-21T19:43:30.974Z,
zone3_desktop_blocked_3,zone3,Maestra,https://zone3.com,desktop,blocked,3,0.68,730.8754500000001,2328.2540000000004,278.50000000000136,0,3995.3362843436626,8202.382511000003,7596137,603,6.8519999999999985,124947,0,1,66696,2026-05-21T19:44:37.712Z,
zone3_desktop_baseline_4,zone3,Maestra,https://zone3.com,desktop,baseline,4,0.59,753.31035,2169.8894999999998,487.36315110543455,0.00029,4335.8828575622465,8823.928335994891,8128513,630,6.759999999999998,124953,304041,18,72889,2026-05-21T19:45:50.616Z,
zone3_desktop_blocked_4,zone3,Maestra,https://zone3.com,desktop,blocked,4,0.51,877.937,2579.9415000000004,633.4999999999999,0.000764,4539.695624538599,7275.234751022461,7633209,584,7.242000000000001,125305,0,1,71344,2026-05-21T19:47:01.979Z,
zone3_desktop_baseline_5,zone3,Maestra,https://zone3.com,desktop,baseline,5,0.62,731.7024999999999,2040.8669999999997,425.4999999999993,0.00029,4341.366619085684,8727.926908282501,8108613,613,6.550999999999998,125561,304313,18,74028,2026-05-21T19:48:16.055Z,
zone3_desktop_blocked_5,zone3,Maestra,https://zone3.com,desktop,blocked,5,0.73,738.4277,2144.554,210.50000000000068,0.00029,3931.5990926225422,7216.025256282504,7576922,584,6.7719999999999985,125524,0,1,73096,2026-05-21T19:49:29.169Z,
zone3_desktop_baseline_6,zone3,Maestra,https://zone3.com,desktop,baseline,6,0.62,693.2156000000001,2039.5059999999999,430.9999999999982,0.00029,4378.3276561713665,8719.418096282501,8116714,614,9.607,125443,304793,22,80067,2026-05-21T19:50:49.252Z,
zone3_desktop_blocked_6,zone3,Maestra,https://zone3.com,desktop,blocked,6,0.75,718.0045,2082.8025,187.99999999999955,0.00029,4091.7180844959057,7125.641570282498,7569193,580,6.013999999999999,126086,0,1,73513,2026-05-21T19:52:02.786Z,
zone3_desktop_baseline_7,zone3,Maestra,https://zone3.com,desktop,baseline,7,0.52,911.6659999999999,2330.9220000000005,687.5,0.000764,4820.368262495956,9050.814326282505,8114630,609,6.671999999999999,125341,304211,19,70937,2026-05-21T19:53:13.768Z,
zone3_desktop_blocked_7,zone3,Maestra,https://zone3.com,desktop,blocked,7,0.52,868.7862500000001,2826.63225,521.4999999999995,0.00029,5135.636353977004,7516.5133542453,7584065,584,6.2570000000000014,126122,0,1,73576,2026-05-21T19:54:27.380Z,
zone3_desktop_baseline_8,zone3,Maestra,https://zone3.com,desktop,baseline,8,0.65,749.0225,2138.9465,349.50000000000045,0.00029,4197.636600434649,8871.466069151127,8115962,611,7.184999999999999,126084,303556,18,74344,2026-05-21T19:55:41.763Z,
zone3_desktop_blocked_8,zone3,Maestra,https://zone3.com,desktop,blocked,8,0.66,728.9955,2060.2844999999998,334.99999999999955,0.001253,4159.88760868303,8419.097183383119,7572018,582,7.4079999999999995,126091,0,1,69169,2026-05-21T19:56:50.957Z,
zone3_desktop_baseline_9,zone3,Maestra,https://zone3.com,desktop,baseline,9,0.49,874.9825,2559.4764999999998,770.6673120880143,0,4877.644103726915,8795.199956703187,8102470,606,7.676,125294,304903,18,74753,2026-05-21T19:58:05.784Z,
zone3_desktop_blocked_9,zone3,Maestra,https://zone3.com,desktop,blocked,9,0.66,691.7385,2210.9359999999997,328.5000000000023,0,4032.3676030278198,8270.694163282504,7583191,585,8.087,125414,0,1,69152,2026-05-21T19:59:14.952Z,
zone3_desktop_baseline_10,zone3,Maestra,https://zone3.com,desktop,baseline,10,0.64,748.6195,2031.5795,383.5,0.001253,4216.460516628741,8674.370864714907,8106390,609,6.635,125403,304028,18,74653,2026-05-21T20:00:29.620Z,
zone3_desktop_blocked_10,zone3,Maestra,https://zone3.com,desktop,blocked,10,0.73,735.9505999999999,2026.9545000000003,227.00000000000045,0.0011819999999999999,4169.478872956921,7164.942316282497,7575384,581,7.7570000000000014,125408,0,1,68275,2026-05-21T20:01:37.913Z,
livingproof_mobile_baseline_1,livingproof,Klaviyo+Yotpo,https://www.livingproof.com,mobile,baseline,1,0.49,2045.5090000000002,8506.5775,632,0.010784,8427.278618968277,21893.839150000003,40130592,439,7.321999999999996,61868,529522,128,31950,2026-05-21T20:02:09.880Z,
livingproof_mobile_blocked_1,livingproof,Klaviyo+Yotpo,https://www.livingproof.com,mobile,blocked,1,0.58,1979.759,8967.032500000001,356,0.022982000000000002,7736.016800795725,17629.029100000007,37624689,302,6.959000000000001,61839,0,3,20335,2026-05-21T20:02:30.245Z,
livingproof_mobile_baseline_2,livingproof,Klaviyo+Yotpo,https://www.livingproof.com,mobile,baseline,2,0.46,2026.0085,9554.5835,601,0.11308,8857.956609561094,22283.942450000006,35380741,442,6.864000000000001,61842,529536,128,20724,2026-05-21T20:02:50.979Z,
livingproof_mobile_blocked_2,livingproof,Klaviyo+Yotpo,https://www.livingproof.com,mobile,blocked,2,0.54,2055.6265,9084.6245,473.5,0.010784,7151.696915115198,19330.880250000002,41413302,303,6.588000000000001,61891,0,3,19621,2026-05-21T20:03:10.611Z,
livingproof_mobile_baseline_3,livingproof,Klaviyo+Yotpo,https://www.livingproof.com,mobile,baseline,3,0.4,2127.9605,9102.15,1335.5679999999998,0.016403,8778.669227705706,22620.049349999998,53300159,435,11.257000000000001,61886,529639,128,26471,2026-05-21T20:03:37.104Z,
livingproof_mobile_blocked_3,livingproof,Klaviyo+Yotpo,https://www.livingproof.com,mobile,blocked,3,0.51,2034.6930000000002,8873.8465,465,0.10999300000000001,8153.12361892923,19763.9766,37107723,302,7.120000000000001,61897,0,3,20044,2026-05-21T20:03:57.175Z,
livingproof_mobile_baseline_4,livingproof,Klaviyo+Yotpo,https://www.livingproof.com,mobile,baseline,4,0.47,1978.9315,9111.109,735.5000000000036,0.010784,8736.419718007715,22522.75300000001,39087760,443,14.194,61883,529513,128,21388,2026-05-21T20:04:18.571Z,
livingproof_mobile_blocked_4,livingproof,Klaviyo+Yotpo,https://www.livingproof.com,mobile,blocked,4,0.49,2016.2219999999998,9247.7785,569,0.10999300000000001,7378.961102772265,19414.798000000003,71220503,301,6.693000000000001,61842,0,3,23108,2026-05-21T20:04:41.690Z,
livingproof_mobile_baseline_5,livingproof,Klaviyo+Yotpo,https://www.livingproof.com,mobile,baseline,5,0.47,1982.755,8649.928,597,0.11308,8627.64500206516,22254.515750000013,49420395,437,8.674000000000001,61883,529302,128,28014,2026-05-21T20:05:09.729Z,
livingproof_mobile_blocked_5,livingproof,Klaviyo+Yotpo,https://www.livingproof.com,mobile,blocked,5,0.56,2030.7019999999998,6862.147000000001,466.5,0.010784,7475.4714919950675,18539.86,30709017,306,7.872000000000002,61870,0,3,22473,2026-05-21T20:05:32.215Z,
livingproof_mobile_baseline_6,livingproof,Klaviyo+Yotpo,https://www.livingproof.com,mobile,baseline,6,0.47,2031.374,6861.094000000001,626.5,0.11308,8835.822133132377,22713.36675,45389342,441,6.629000000000001,61866,529491,128,23578,2026-05-21T20:05:55.817Z,
livingproof_mobile_blocked_6,livingproof,Klaviyo+Yotpo,https://www.livingproof.com,mobile,blocked,6,0.51,2022.685,9514.260999999999,588.5,0.016403,7826.918265116508,19307.565000000002,76167772,308,6.414,61861,0,3,22439,2026-05-21T20:06:18.288Z,
livingproof_mobile_baseline_7,livingproof,Klaviyo+Yotpo,https://www.livingproof.com,mobile,baseline,7,0.36,2054.9749999999995,8988.323,1943,0.046823000000000004,11190.275229501774,25314.724800000007,52859403,442,7.640999999999998,61873,529648,128,27867,2026-05-21T20:06:46.223Z,
livingproof_mobile_blocked_7,livingproof,Klaviyo+Yotpo,https://www.livingproof.com,mobile,blocked,7,0.53,2052.589,6860.780000000001,469.5,0.11308,7252.036196944482,18139.628300000004,40627483,307,8.352,61895,0,3,20351,2026-05-21T20:07:06.585Z,
livingproof_mobile_baseline_8,livingproof,Klaviyo+Yotpo,https://www.livingproof.com,mobile,baseline,8,0.51,2036.9015000000002,8592.336,568.5,0.046823000000000004,8269.357859436772,22785.877000000008,36366949,436,6.829000000000001,61891,529251,128,21508,2026-05-21T20:07:28.103Z,
livingproof_mobile_blocked_8,livingproof,Klaviyo+Yotpo,https://www.livingproof.com,mobile,blocked,8,0.53,2050.1715,9186.17,518.5,0.010784,7845.341174047593,18298.60845,46431519,301,6.572999999999999,61885,0,3,19756,2026-05-21T20:07:47.868Z,
livingproof_mobile_baseline_9,livingproof,Klaviyo+Yotpo,https://www.livingproof.com,mobile,baseline,9,0.47,2060.7470000000003,8953.1265,760.4575000000023,0.022982000000000002,8883.835761694954,22653.914249999998,48203469,443,7.288,61865,533930,129,23061,2026-05-21T20:08:10.939Z,
livingproof_mobile_blocked_9,livingproof,Klaviyo+Yotpo,https://www.livingproof.com,mobile,blocked,9,0.51,1987.7820000000002,7919.019,476.5,0.11308,7720.107173534167,18139.929249999997,44611305,309,6.75,61871,0,3,23121,2026-05-21T20:08:34.109Z,
livingproof_mobile_baseline_10,livingproof,Klaviyo+Yotpo,https://www.livingproof.com,mobile,baseline,10,0.5,2009.5985000000003,8812.541,626.9719999999979,0.016403,8511.920703740732,22544.676700000004,59198519,441,6.984,61835,532706,129,24443,2026-05-21T20:08:58.562Z,
livingproof_mobile_blocked_10,livingproof,Klaviyo+Yotpo,https://www.livingproof.com,mobile,blocked,10,0.51,2053.3665,8799.960000000001,508,0.103931,7166.382863716954,18526.917200000004,44020727,300,7.7780000000000005,61878,0,3,19565,2026-05-21T20:09:18.138Z,
livingproof_desktop_baseline_1,livingproof,Klaviyo+Yotpo,https://www.livingproof.com,desktop,baseline,1,0.81,555.4015,2294.654,0,0.014395000000000002,2845.3672778436567,2323.0311,48557694,449,7.423000000000002,61886,529452,128,21852,2026-05-21T20:09:40.000Z,
livingproof_desktop_blocked_1,livingproof,Klaviyo+Yotpo,https://www.livingproof.com,desktop,blocked,1,0.88,571.403,1668.8289999999997,7,0.020731,2376.174983428328,2144.568,59183762,302,7.7780000000000005,61904,0,3,27094,2026-05-21T20:10:07.104Z,
livingproof_desktop_baseline_2,livingproof,Klaviyo+Yotpo,https://www.livingproof.com,desktop,baseline,2,0.8,571.911,2415.9785,0,0.020731,2945.965744715246,2444.72065,22153222,442,6.832000000000001,61871,533925,129,23286,2026-05-21T20:10:30.399Z,
livingproof_desktop_blocked_2,livingproof,Klaviyo+Yotpo,https://www.livingproof.com,desktop,blocked,2,0.83,574.4559999999999,2154.004,0,0.020731,2622.2282625114867,2180.9143,25422813,304,7.052000000000001,61865,0,3,20624,2026-05-21T20:10:51.033Z,
livingproof_desktop_baseline_3,livingproof,Klaviyo+Yotpo,https://www.livingproof.com,desktop,baseline,3,0.87,548.5260000000001,1059.428,3,0.129484,2869.487187234514,2267.2780000000002,56425038,446,7.420999999999999,61871,529451,128,23390,2026-05-21T20:11:14.493Z,
livingproof_desktop_blocked_3,livingproof,Klaviyo+Yotpo,https://www.livingproof.com,desktop,blocked,3,0.92,564.0425,1060.7745,3,0.020731,2601.3748935774806,3915.279700000001,34470784,302,7.974999999999998,61840,0,3,25650,2026-05-21T20:11:40.155Z,
livingproof_desktop_baseline_4,livingproof,Klaviyo+Yotpo,https://www.livingproof.com,desktop,baseline,4,0.86,557.7,1759.5564999999997,2,0.020196,2914.0988783502135,2223.5565000000006,82729730,443,6.962,61886,529486,128,24423,2026-05-21T20:12:04.644Z,
livingproof_desktop_blocked_4,livingproof,Klaviyo+Yotpo,https://www.livingproof.com,desktop,blocked,4,0.85,574.931,1904.2055,10.5,0.020196,2686.6405526998224,1952.9320000000002,54263139,306,7.299999999999997,61889,0,3,22844,2026-05-21T20:12:27.536Z,
livingproof_desktop_baseline_5,livingproof,Klaviyo+Yotpo,https://www.livingproof.com,desktop,baseline,5,0.83,556.5264999999999,2073.3615,0,0.020196,2873.341182193376,2111.77415,44845705,443,7.736000000000002,61834,529220,128,21719,2026-05-21T20:12:49.278Z,
livingproof_desktop_blocked_5,livingproof,Klaviyo+Yotpo,https://www.livingproof.com,desktop,blocked,5,0.86,555.769,1898.9465,6,0.014395000000000002,2513.4549059441833,1955.4895000000001,74058307,304,7.316000000000001,61834,0,3,21404,2026-05-21T20:13:10.716Z,
livingproof_desktop_baseline_6,livingproof,Klaviyo+Yotpo,https://www.livingproof.com,desktop,baseline,6,0.86,609.878,1690.7984999999999,0,0.020731,2955.7358784408552,1724.12205,26173467,447,6.377000000000001,61831,529353,128,23606,2026-05-21T20:13:34.334Z,
livingproof_desktop_blocked_6,livingproof,Klaviyo+Yotpo,https://www.livingproof.com,desktop,blocked,6,0.86,571.9855,1851.087,0,0.020196,2514.6849967764783,1884.237,47254756,307,7.096,61862,0,3,26898,2026-05-21T20:14:01.241Z,
livingproof_desktop_baseline_7,livingproof,Klaviyo+Yotpo,https://www.livingproof.com,desktop,baseline,7,0.84,563.405,1521.181,0.5,0.127363,2680.519614378378,1924.1310000000003,56854156,446,6.7620000000000005,61864,529496,128,23557,2026-05-21T20:14:24.807Z,
livingproof_desktop_blocked_7,livingproof,Klaviyo+Yotpo,https://www.livingproof.com,desktop,blocked,7,0.88,566.263,1693.5210000000002,11.5,0.020271,2531.8525453066445,4095.204400000001,44683094,303,9.824,61877,0,3,21485,2026-05-21T20:14:46.341Z,
livingproof_desktop_baseline_8,livingproof,Klaviyo+Yotpo,https://www.livingproof.com,desktop,baseline,8,0.87,546.453,1680.3775,3.5,0.021194,2680.6300423269486,2165.3775000000005,76683777,443,6.366,61853,529231,128,24189,2026-05-21T20:15:10.597Z,
livingproof_desktop_blocked_8,livingproof,Klaviyo+Yotpo,https://www.livingproof.com,desktop,blocked,8,0.86,560.4045,1887.0750000000003,25.5,0.014395000000000002,2580.0006268656084,4094.3478000000005,62011840,308,7.092999999999998,61849,0,3,20559,2026-05-21T20:15:31.166Z,
livingproof_desktop_baseline_9,livingproof,Klaviyo+Yotpo,https://www.livingproof.com,desktop,baseline,9,0.81,563.9390000000001,1830.449,4.499999999999773,0.129484,2788.7807504087104,2354.4489999999996,48469287,452,7.937999999999999,61870,529196,128,23699,2026-05-21T20:15:54.874Z,
livingproof_desktop_blocked_9,livingproof,Klaviyo+Yotpo,https://www.livingproof.com,desktop,blocked,9,0.85,597.233,1488.1209999999999,2,0.129484,2483.8459348979827,2148.6210000000005,56438340,308,7.159000000000001,61850,0,3,26685,2026-05-21T20:16:21.569Z,
livingproof_desktop_baseline_10,livingproof,Klaviyo+Yotpo,https://www.livingproof.com,desktop,baseline,10,0.88,550.9135,1515.0710000000001,15.000000000000114,0.014395000000000002,2894.9670800221047,2275.0710000000004,70180797,449,6.521000000000001,61832,529511,128,24381,2026-05-21T20:16:45.959Z,
livingproof_desktop_blocked_10,livingproof,Klaviyo+Yotpo,https://www.livingproof.com,desktop,blocked,10,0.91,576.5295,1142.8619999999999,6,0.014395000000000002,2621.1335389005735,2104.862,61405285,309,6.8679999999999986,61888,0,3,24181,2026-05-21T20:17:10.151Z,
jennikayne_mobile_baseline_1,jennikayne,Attentive+Klaviyo,https://jennikayne.com,mobile,baseline,1,0.35,3548.8225,17155.863999999994,1228.4999999999964,0,12310.149143216959,36939.128975,8336221,309,52.848,85972,117282,5,56880,2026-05-21T20:18:07.040Z,
jennikayne_mobile_blocked_1,jennikayne,Attentive+Klaviyo,https://jennikayne.com,mobile,blocked,1,0.34,4111.022500000001,18366.31299999999,1289,0,9915.723349113083,37272.55034399998,8248771,491,42.581999999999994,0,0,5,56638,2026-05-21T20:19:03.695Z,
jennikayne_mobile_baseline_2,jennikayne,Attentive+Klaviyo,https://jennikayne.com,mobile,baseline,2,0.34,3506.4245000000005,17559.830500000004,1312.4999999999964,0,13788.303972179106,39325.47120899999,8353922,310,104.21000000000001,86115,117270,5,57102,2026-05-21T20:20:00.846Z,
jennikayne_mobile_blocked_2,jennikayne,Attentive+Klaviyo,https://jennikayne.com,mobile,blocked,2,0.34,3521.3263,16717.774500000007,1340.4999999999982,0,13385.609083748614,36249.65466324999,8030649,309,10.378,86509,0,5,57197,2026-05-21T20:20:58.058Z,
jennikayne_mobile_baseline_3,jennikayne,Attentive+Klaviyo,https://jennikayne.com,mobile,baseline,3,0.32,4205.811,18388.589999999997,1317.5,0,14039.187654806503,39184.44437500001,8354725,309,8.288999999999998,86090,117260,5,62823,2026-05-21T20:22:00.926Z,
jennikayne_mobile_blocked_3,jennikayne,Attentive+Klaviyo,https://jennikayne.com,mobile,blocked,3,0.32,4247.720499999999,18558.186499999996,1394.4999999999982,0,11615.388803150243,38536.528976,8224383,305,10.610000000000001,86219,0,5,57334,2026-05-21T20:22:58.313Z,
jennikayne_mobile_baseline_4,jennikayne,Attentive+Klaviyo,https://jennikayne.com,mobile,baseline,4,0.34,3492.0430000000006,17051.78549999999,1405.4999999999927,0,12495.344532017005,37241.58974999996,8174453,309,14.61,86214,117247,5,57529,2026-05-21T20:23:55.881Z,
jennikayne_mobile_blocked_4,jennikayne,Attentive+Klaviyo,https://jennikayne.com,mobile,blocked,4,0.34,3746.016,17442.116,1282.5000000000018,0,11019.133324848019,38492.56812499999,8213882,312,9.123,86307,0,5,57293,2026-05-21T20:24:53.216Z,
jennikayne_mobile_baseline_5,jennikayne,Attentive+Klaviyo,https://jennikayne.com,mobile,baseline,5,0.34,3533.2245000000007,17231.66449999999,1407,0,12046.379700212092,39541.88061200002,8353242,308,9.434000000000001,86381,117268,5,57281,2026-05-21T20:25:50.539Z,
jennikayne_mobile_blocked_5,jennikayne,Attentive+Klaviyo,https://jennikayne.com,mobile,blocked,5,0.33,3671.652,17202.76849999999,1403,0,13278.197680464782,38696.608017999984,8237593,309,7.122999999999999,86240,0,5,57182,2026-05-21T20:26:47.742Z,
jennikayne_mobile_baseline_6,jennikayne,Attentive+Klaviyo,https://jennikayne.com,mobile,baseline,6,0.31,3482.9655000000002,17082.16199999999,1955.0000000000018,0,12163.989360842648,39843.347436000004,8366891,342,9.481000000000002,86499,117252,5,26121,2026-05-21T20:27:13.940Z,
jennikayne_mobile_blocked_6,jennikayne,Attentive+Klaviyo,https://jennikayne.com,mobile,blocked,6,0.35,3485.867499999999,17565.4435,1250.4999999999982,0,11630.678633136904,35869.289913,8030805,310,15.920000000000005,86354,0,5,57305,2026-05-21T20:28:11.283Z,
jennikayne_mobile_baseline_7,jennikayne,Attentive+Klaviyo,https://jennikayne.com,mobile,baseline,7,0.33,4188.4927,18763.971100000013,1256.5,0,11897.857862659775,35939.36233999999,8148032,309,8.850000000000001,86376,117249,5,57270,2026-05-21T20:29:08.601Z,
jennikayne_mobile_blocked_7,jennikayne,Attentive+Klaviyo,https://jennikayne.com,mobile,blocked,7,0.34,3515.3675,17008.36200000001,1344.5000000000036,0,12541.099398461636,39401.41462600001,8262633,309,9.479999999999999,86557,0,5,56967,2026-05-21T20:30:05.611Z,
jennikayne_mobile_baseline_8,jennikayne,Attentive+Klaviyo,https://jennikayne.com,mobile,baseline,8,0.32,3946.371,17837.417500000018,1514.5,0,10362.278769863797,37493.810582000006,8380221,466,38.035000000000004,0,117268,5,56461,2026-05-21T20:31:02.120Z,
jennikayne_mobile_blocked_8,jennikayne,Attentive+Klaviyo,https://jennikayne.com,mobile,blocked,8,0.34,3559.8878000000004,16891.128199999992,1286.5000000000018,0,13684.226162215386,37401.55916499999,8005296,308,9.029,86637,0,5,57367,2026-05-21T20:31:59.506Z,
jennikayne_mobile_baseline_9,jennikayne,Attentive+Klaviyo,https://jennikayne.com,mobile,baseline,9,0.34,3638.3520000000008,17113.74099999999,1433,0,10038.601583929374,37430.84079999999,8174224,307,8.697999999999999,86394,117271,5,58219,2026-05-21T20:32:57.746Z,
jennikayne_mobile_blocked_9,jennikayne,Attentive+Klaviyo,https://jennikayne.com,mobile,blocked,9,0.33,3908.1945000000005,18184.0685,1322.4999999999964,0,10558.603896705503,36989.0934,8034145,310,9.897,86359,0,5,57037,2026-05-21T20:33:54.840Z,
jennikayne_mobile_baseline_10,jennikayne,Attentive+Klaviyo,https://jennikayne.com,mobile,baseline,10,0.33,4052.8694,19397.58939999999,1318.5,0,12740.570681854893,35834.53798999998,8148520,309,6.600000000000001,86458,117247,5,63173,2026-05-21T20:34:58.029Z,
jennikayne_mobile_blocked_10,jennikayne,Attentive+Klaviyo,https://jennikayne.com,mobile,blocked,10,0.33,3644.1175000000003,16418.815499999993,1428,0,11090.614450717505,36613.391949999976,8240347,309,42.141000000000005,86338,0,5,57069,2026-05-21T20:35:55.113Z,
jennikayne_desktop_baseline_1,jennikayne,Attentive+Klaviyo,https://jennikayne.com,desktop,baseline,1,0.75,995.5317500000001,3507.2285,47.5,0,2279.2830604882397,5961.846249999999,7254271,309,40.721000000000004,86275,117264,5,58767,2026-05-21T20:36:53.924Z,
jennikayne_desktop_blocked_1,jennikayne,Attentive+Klaviyo,https://jennikayne.com,desktop,blocked,1,0.76,1001.4834999999999,3158.2569999999996,50,0,2249.8363325321975,5968.353349999999,7114683,309,81.47500000000001,86210,0,5,57951,2026-05-21T20:37:51.918Z,
jennikayne_desktop_baseline_2,jennikayne,Attentive+Klaviyo,https://jennikayne.com,desktop,baseline,2,0.74,1027.5639999999999,3257.245499999999,52,0,2600.1988857038896,6029.998899999999,7253949,308,8.585,86567,117268,5,58227,2026-05-21T20:38:50.166Z,
jennikayne_desktop_blocked_2,jennikayne,Attentive+Klaviyo,https://jennikayne.com,desktop,blocked,2,0.75,1035.118,3241.6780000000003,41,0,2363.5111797323693,6111.329599999997,7130851,309,8.781,86264,0,5,57904,2026-05-21T20:39:48.088Z,
jennikayne_desktop_baseline_3,jennikayne,Attentive+Klaviyo,https://jennikayne.com,desktop,baseline,3,0.74,1085.1717999999998,3338.5417,98,0,2351.5916172045922,6962.0437600000005,7048779,310,9.149000000000004,86329,117224,5,57834,2026-05-21T20:40:45.936Z,
jennikayne_desktop_blocked_3,jennikayne,Attentive+Klaviyo,https://jennikayne.com,desktop,blocked,3,0.75,940.3098999999997,3103.205899999999,57.5,0,2715.894235730372,5925.52265,6938734,349,6.147999999999998,86255,0,5,57199,2026-05-21T20:41:43.184Z,
jennikayne_desktop_baseline_4,jennikayne,Attentive+Klaviyo,https://jennikayne.com,desktop,baseline,4,0.73,1083.0363499999999,3627.7552000000005,4,0,2433.9236930186053,5902.61766,7047564,308,9.764000000000001,86436,117267,5,57273,2026-05-21T20:42:40.470Z,
jennikayne_desktop_blocked_4,jennikayne,Attentive+Klaviyo,https://jennikayne.com,desktop,blocked,4,0.74,1153.6855000000003,3412.0385000000006,8,0,2397.974077922133,6073.587799999999,7191810,467,70.864,0,0,5,61195,2026-05-21T20:43:41.681Z,
jennikayne_desktop_baseline_5,jennikayne,Attentive+Klaviyo,https://jennikayne.com,desktop,baseline,5,0.74,1052.7333999999996,3461.5299999999997,5.5,0,2515.1418941602974,6011.69966,7041653,310,88.756,86408,117266,5,57221,2026-05-21T20:44:38.948Z,
jennikayne_desktop_blocked_5,jennikayne,Attentive+Klaviyo,https://jennikayne.com,desktop,blocked,5,0.75,1060.346,3329.9089999999997,12,0,2370.221418312315,5913.473399999999,7137835,307,9.834999999999999,86171,0,5,57436,2026-05-21T20:45:36.398Z,
jennikayne_desktop_baseline_6,jennikayne,Attentive+Klaviyo,https://jennikayne.com,desktop,baseline,6,0.75,1052.0295,3199.916,15,0,2500.502535816687,6964.355974999999,7254325,306,9.783999999999995,86273,117253,5,57182,2026-05-21T20:46:33.625Z,
jennikayne_desktop_blocked_6,jennikayne,Attentive+Klaviyo,https://jennikayne.com,desktop,blocked,6,0.74,1103.3380000000002,3238.1980000000003,5,0,2642.071714580882,5932.707000000003,7135266,308,36.635999999999996,86331,0,5,57111,2026-05-21T20:47:30.753Z,
jennikayne_desktop_baseline_7,jennikayne,Attentive+Klaviyo,https://jennikayne.com,desktop,baseline,7,0.74,1114.1780000000003,3354.1630000000005,65.49999999999977,0,2482.7200758118797,6033.0149999999985,7255805,309,8.807,86287,117251,5,57591,2026-05-21T20:48:28.359Z,
jennikayne_desktop_blocked_7,jennikayne,Attentive+Klaviyo,https://jennikayne.com,desktop,blocked,7,0.75,1021.9955,3379.6054999999988,64,0.000259,2295.034483265297,5949.175249999997,7136979,308,9.070999999999998,86266,0,5,57646,2026-05-21T20:49:26.024Z,
jennikayne_desktop_baseline_8,jennikayne,Attentive+Klaviyo,https://jennikayne.com,desktop,baseline,8,0.75,957.834,3186.786,44,0,2792.9981776970044,4717.8728,7254070,310,7.0699999999999985,86474,117282,5,57644,2026-05-21T20:50:23.682Z,
jennikayne_desktop_blocked_8,jennikayne,Attentive+Klaviyo,https://jennikayne.com,desktop,blocked,8,0.73,1072.1059999999998,3280.293,55,0,2798.8981803370225,5922.2100500000015,7138987,309,8.427,86450,0,5,58336,2026-05-21T20:51:22.060Z,
jennikayne_desktop_baseline_9,jennikayne,Attentive+Klaviyo,https://jennikayne.com,desktop,baseline,9,0.74,1044.5668999999998,3312.7901000000006,56,0,2739.213604668126,6110.744919999999,7058294,309,10.316000000000003,86456,117285,5,57551,2026-05-21T20:52:19.626Z,
jennikayne_desktop_blocked_9,jennikayne,Attentive+Klaviyo,https://jennikayne.com,desktop,blocked,9,0.75,984.3004999999999,3214.0539999999987,16,0,2549.5435986668904,7457.661999999999,7126163,350,10.966999999999999,86274,0,5,57838,2026-05-21T20:53:17.479Z,
jennikayne_desktop_baseline_10,jennikayne,Attentive+Klaviyo,https://jennikayne.com,desktop,baseline,10,0.74,1046.8558,3356.8354,40.999999999999545,0,2614.6468697963123,6042.392790000002,7048829,309,9.411999999999999,86274,117267,5,57331,2026-05-21T20:54:14.825Z,
jennikayne_desktop_blocked_10,jennikayne,Attentive+Klaviyo,https://jennikayne.com,desktop,blocked,10,0.75,996.4640999999999,3312.940400000001,59.999999999999545,0,2324.6677017727834,6018.488144999998,6932445,308,8.631000000000002,86587,0,5,57224,2026-05-21T20:55:12.063Z,
liquiddeath_mobile_baseline_1,liquiddeath,Rebuy+Klaviyo,https://liquiddeath.com,mobile,baseline,1,0.44,2962.4930000000004,9105.550500000001,653.5,0.044617000000000004,13271.253473110386,30476.220574000006,6998183,377,109.14599999999999,174104,1003767,61,23552,2026-05-21T20:55:35.656Z,
liquiddeath_mobile_blocked_1,liquiddeath,Rebuy+Klaviyo,https://liquiddeath.com,mobile,blocked,1,0.49,2953.20915,8877.1922,474,0.037533,11100.197149532505,23309.922920000005,5758659,287,7.17,175553,0,5,20698,2026-05-21T20:55:56.368Z,
liquiddeath_mobile_baseline_2,liquiddeath,Rebuy+Klaviyo,https://liquiddeath.com,mobile,baseline,2,0.4,2961.776500000001,8592.731999999998,881.5000000000036,0.038586999999999996,12173.584579933728,26179.2402,6890133,327,9.405000000000001,175477,780547,54,26452,2026-05-21T20:56:22.829Z,
liquiddeath_mobile_blocked_2,liquiddeath,Rebuy+Klaviyo,https://liquiddeath.com,mobile,blocked,2,0.5,2956.182,8416.036,523.3540000000005,0.038183,7778.109735654809,21220.169850000002,5819072,259,7.164000000000001,175587,0,5,22990,2026-05-21T20:56:45.851Z,
liquiddeath_mobile_baseline_3,liquiddeath,Rebuy+Klaviyo,https://liquiddeath.com,mobile,baseline,3,0.43,3169.7,8863.851,670.5,0.037950000000000005,11703.94320072409,27980.951900000007,6772184,313,7.494,175474,780850,55,24847,2026-05-21T20:57:10.710Z,
liquiddeath_mobile_blocked_3,liquiddeath,Rebuy+Klaviyo,https://liquiddeath.com,mobile,blocked,3,0.46,2953.0279499999997,8283.3709,626.9401499999981,0.039577,9615.938142819003,21720.738254999997,5916006,262,7.928000000000001,175479,0,5,18379,2026-05-21T20:57:29.100Z,
liquiddeath_mobile_baseline_4,liquiddeath,Rebuy+Klaviyo,https://liquiddeath.com,mobile,baseline,4,0.43,3065.685,13097.310000000005,766.2269999999999,0.038053000000000003,8998.86882767873,25843.403600000012,6526411,289,7.780000000000001,175587,611565,32,20560,2026-05-21T20:57:49.672Z,
liquiddeath_mobile_blocked_4,liquiddeath,Rebuy+Klaviyo,https://liquiddeath.com,mobile,blocked,4,0.47,3182.3416,13238.959599999998,529,0.038220000000000004,10160.132073161156,22423.411339999995,5918707,261,8.454,175588,0,5,18662,2026-05-21T20:58:08.344Z,
liquiddeath_mobile_baseline_5,liquiddeath,Rebuy+Klaviyo,https://liquiddeath.com,mobile,baseline,5,0.41,2984.3057499999995,9987.899000000001,810.5,0.040466999999999996,12048.261187286018,27237.744599999995,6891605,328,8.303,175472,781086,55,22214,2026-05-21T20:58:30.568Z,
liquiddeath_mobile_blocked_5,liquiddeath,Rebuy+Klaviyo,https://liquiddeath.com,mobile,blocked,5,0.49,2956.5593500000004,8727.665400000002,540.5189499999999,0.039499000000000006,7847.485576645122,20564.40563500001,5810252,253,5.954,175526,0,5,18593,2026-05-21T20:58:49.172Z,
liquiddeath_mobile_baseline_6,liquiddeath,Rebuy+Klaviyo,https://liquiddeath.com,mobile,baseline,6,0.44,2969.683,8099.028499999998,723.9999999999998,0.038471,9231.536431413651,23872.535500000005,6516594,287,7.7669999999999995,175473,609848,31,25387,2026-05-21T20:59:14.587Z,
liquiddeath_mobile_blocked_6,liquiddeath,Rebuy+Klaviyo,https://liquiddeath.com,mobile,blocked,6,0.5,2972.6039999999994,8883.963,499.81899999999996,0.039474999999999996,7744.190086106468,20906.71529999999,5817224,255,6.411,175584,0,5,22556,2026-05-21T20:59:37.154Z,
liquiddeath_mobile_baseline_7,liquiddeath,Rebuy+Klaviyo,https://liquiddeath.com,mobile,baseline,7,0.45,3160.1485,8396.068499999998,604.4999999999977,0.041500999999999996,11689.122100445466,24610.034699999993,6779766,311,6.533,175475,784134,55,21483,2026-05-21T20:59:58.646Z,
liquiddeath_mobile_blocked_7,liquiddeath,Rebuy+Klaviyo,https://liquiddeath.com,mobile,blocked,7,0.47,2961.1220000000003,8423.32,559.6979999999999,0.039521,10588.757656015103,21207.020000000004,5925511,262,8.184,175479,0,5,19139,2026-05-21T21:00:17.835Z,
liquiddeath_mobile_baseline_8,liquiddeath,Rebuy+Klaviyo,https://liquiddeath.com,mobile,baseline,8,0.38,2991.7415,8471.315,1032.9999999999982,0.043698,12426.721629123676,28360.785839999982,6896793,329,7.536,175592,787213,56,31690,2026-05-21T21:00:49.551Z,
liquiddeath_mobile_blocked_8,liquiddeath,Rebuy+Klaviyo,https://liquiddeath.com,mobile,blocked,8,0.46,2992.5187,12940.066400000005,602.4999999999982,0.037545999999999996,9708.968412614275,22299.240850000006,5918508,262,7.507999999999999,175465,0,5,18514,2026-05-21T21:01:08.076Z,
liquiddeath_mobile_baseline_9,liquiddeath,Rebuy+Klaviyo,https://liquiddeath.com,mobile,baseline,9,0.41,2977.0862499999994,9495.546499999997,799,0.040797,12220.820128778463,26436.101099999993,6768650,310,6.719,175587,780878,55,25224,2026-05-21T21:01:33.318Z,
liquiddeath_mobile_blocked_9,liquiddeath,Rebuy+Klaviyo,https://liquiddeath.com,mobile,blocked,9,0.49,3177.7626,9607.1986,455.5,0.03511,9900.707406205573,21994.430399999997,5915875,261,7.449,175474,0,5,23121,2026-05-21T21:01:56.452Z,
liquiddeath_mobile_baseline_10,liquiddeath,Rebuy+Klaviyo,https://liquiddeath.com,mobile,baseline,10,0.47,3148.962,8712.631000000001,584.1954999999998,0.038847,8741.084288659964,23304.703650000018,6523861,291,7.288,175480,611441,32,20337,2026-05-21T21:02:16.799Z,
liquiddeath_mobile_blocked_10,liquiddeath,Rebuy+Klaviyo,https://liquiddeath.com,mobile,blocked,10,0.53,3151.136299999999,8644.492499999998,378,0.036581,8083.134819164379,21266.594629999996,5826752,258,8.175,175596,0,5,22582,2026-05-21T21:02:39.408Z,
liquiddeath_desktop_baseline_1,liquiddeath,Rebuy+Klaviyo,https://liquiddeath.com,desktop,baseline,1,0.79,722.7929999999999,2320.096,17,0.020982999999999998,4221.754412549298,4274.862000000003,9263915,327,7.358,175513,780959,54,22713,2026-05-21T21:03:02.134Z,
liquiddeath_desktop_blocked_1,liquiddeath,Rebuy+Klaviyo,https://liquiddeath.com,desktop,blocked,1,0.76,715.6096,2733.4128499999997,4.5,0.020267,3696.774501227663,4953.514989999999,8274448,261,7.5009999999999994,175509,0,5,21365,2026-05-21T21:03:23.512Z,
liquiddeath_desktop_baseline_2,liquiddeath,Rebuy+Klaviyo,https://liquiddeath.com,desktop,baseline,2,0.77,723.941,2526.1839999999993,5,0.020711,4073.0172121224878,4362.107099999999,9259146,327,7.581,175474,780796,54,22748,2026-05-21T21:03:46.270Z,
liquiddeath_desktop_blocked_2,liquiddeath,Rebuy+Klaviyo,https://liquiddeath.com,desktop,blocked,2,0.75,707.6696000000001,3796.8337500000007,1.5,0.020114999999999997,2138.863013127384,4313.484125000002,8185397,257,6.975,175478,0,5,27236,2026-05-21T21:04:13.518Z,
liquiddeath_desktop_baseline_3,liquiddeath,Rebuy+Klaviyo,https://liquiddeath.com,desktop,baseline,3,0.74,666.7273,3046.8450000000003,3.5,0.022826,4163.2508595017,4231.0194,9264281,328,6.860000000000001,175642,780863,55,32673,2026-05-21T21:04:46.206Z,
liquiddeath_desktop_blocked_3,liquiddeath,Rebuy+Klaviyo,https://liquiddeath.com,desktop,blocked,3,0.78,702.5454000000001,2610.3622999999993,9,0.020285,2946.122969814708,4419.501854999999,8293135,262,6.016,175480,0,5,21181,2026-05-21T21:05:07.400Z,
liquiddeath_desktop_baseline_4,liquiddeath,Rebuy+Klaviyo,https://liquiddeath.com,desktop,baseline,4,0.71,718.3643,3580.706,24.499999999999545,0.021001,4222.631005052818,5689.4845000000005,9261962,329,7.942,175536,781053,55,21953,2026-05-21T21:05:29.363Z,
liquiddeath_desktop_blocked_4,liquiddeath,Rebuy+Klaviyo,https://liquiddeath.com,desktop,blocked,4,0.87,728.0070000000001,1497.3100000000002,8,0.020179,3033.7151341301897,4865.26,8291385,262,7.286,175517,0,5,20770,2026-05-21T21:05:50.146Z,
liquiddeath_desktop_baseline_5,liquiddeath,Rebuy+Klaviyo,https://liquiddeath.com,desktop,baseline,5,0.77,732.4275,2448.321,0.5,0.020509,4797.249523833783,4462.371,9355136,371,7.161,175464,1001352,62,30293,2026-05-21T21:06:20.449Z,
liquiddeath_desktop_blocked_5,liquiddeath,Rebuy+Klaviyo,https://liquiddeath.com,desktop,blocked,5,0.71,721.7856000000002,3748.6237321487433,2.5,0.020319999999999998,3486.554799571296,4398.857829999998,8126098,289,14.242,175553,0,5,21734,2026-05-21T21:06:42.201Z,
liquiddeath_desktop_baseline_6,liquiddeath,Rebuy+Klaviyo,https://liquiddeath.com,desktop,baseline,6,0.78,722.932,2384.3334999999997,15.5,0.020619,3951.439803166716,4373.464499999998,9043013,351,6.667,175489,812033,37,25032,2026-05-21T21:07:07.247Z,
liquiddeath_desktop_blocked_6,liquiddeath,Rebuy+Klaviyo,https://liquiddeath.com,desktop,blocked,6,0.83,714.3992,2372.5513000000005,2.5,0.019843999999999997,2157.4937673275194,2970.2103950000005,8195671,255,6.367000000000001,175487,0,5,21054,2026-05-21T21:07:28.318Z,
liquiddeath_desktop_baseline_7,liquiddeath,Rebuy+Klaviyo,https://liquiddeath.com,desktop,baseline,7,0.72,724.586,3497.5640000000008,0,0.021596,4140.934966036917,3614.921200000001,9146709,311,7.314000000000001,175567,780956,55,23003,2026-05-21T21:07:51.331Z,
liquiddeath_desktop_blocked_7,liquiddeath,Rebuy+Klaviyo,https://liquiddeath.com,desktop,blocked,7,0.77,722.4939000000002,3279.424582148743,16,0.019898,2151.528486431387,4161.937000000002,8193614,259,7.327,175527,0,5,25470,2026-05-21T21:08:16.819Z,
liquiddeath_desktop_baseline_8,liquiddeath,Rebuy+Klaviyo,https://liquiddeath.com,desktop,baseline,8,0.71,718.5964999999999,3529.8959999999993,4,0.020620999999999997,4052.9846939887257,4234.855599999999,9155579,314,7.296999999999999,175471,783686,55,20817,2026-05-21T21:08:37.646Z,
liquiddeath_desktop_blocked_8,liquiddeath,Rebuy+Klaviyo,https://liquiddeath.com,desktop,blocked,8,0.75,715.7625,3529.8194999999996,0,0.019789,2280.398385886605,3647.04475,8196774,260,7.688,175475,0,5,25685,2026-05-21T21:09:03.343Z,
liquiddeath_desktop_baseline_9,liquiddeath,Rebuy+Klaviyo,https://liquiddeath.com,desktop,baseline,9,0.76,710.6002000000001,2711.3059999999996,4,0.020562,4244.5539640048755,4272.162850000001,9261359,328,7.934,175658,780839,55,28264,2026-05-21T21:09:31.618Z,
liquiddeath_desktop_blocked_9,liquiddeath,Rebuy+Klaviyo,https://liquiddeath.com,desktop,blocked,9,0.83,745.017,2329.4780000000005,17.5,0.020451,2252.4509836903594,4047.350000000002,8187655,256,6.067,175642,0,5,31214,2026-05-21T21:10:02.844Z,
liquiddeath_desktop_baseline_10,liquiddeath,Rebuy+Klaviyo,https://liquiddeath.com,desktop,baseline,10,0.78,778.1754999999998,2311.9279999999994,0.5,0.020991999999999997,4231.121518365275,2990.848,9153677,313,6.194,175550,780940,55,21297,2026-05-21T21:10:24.155Z,
liquiddeath_desktop_blocked_10,liquiddeath,Rebuy+Klaviyo,https://liquiddeath.com,desktop,blocked,10,0.82,752.741,2334.3178821487427,1,0.02017,2493.67233235376,5011.267,8196764,259,7.872999999999999,175612,0,5,21044,2026-05-21T21:10:45.246Z,
furniturefair_mobile_baseline_1,furniturefair,Maestra,https://furniturefair.net,mobile,baseline,1,0.31,2165.079,10335.333999999999,2368.0000000000073,0.121527,12259.287243092427,46051.77277430953,9225505,454,8.958999999999996,105991,1192546,26,35771,2026-05-22T07:44:42.337Z,
furniturefair_mobile_blocked_1,furniturefair,Maestra,https://furniturefair.net,mobile,blocked,1,0.39,2149.901,8801.669,1715.999999999996,0.00049,7467.4404035746675,35993.46762430953,6024822,398,8.156999999999998,106099,0,1,17796,2026-05-22T07:45:00.145Z,
furniturefair_mobile_baseline_2,furniturefair,Maestra,https://furniturefair.net,mobile,baseline,2,0.3,3888.97,9123.707000000002,2111.5000000000055,0.0005059999999999999,12273.212041197825,44082.945379375444,8734554,488,14.44,106049,1193120,29,23447,2026-05-22T07:45:23.626Z,
furniturefair_mobile_blocked_2,furniturefair,Maestra,https://furniturefair.net,mobile,blocked,2,0.32,3952.6229999999996,8128.390999999998,1311.999999999999,0.121527,7419.544575728417,34920.49222430954,5880813,354,8.84,105989,0,1,21656,2026-05-22T07:45:45.296Z,
furniturefair_mobile_baseline_3,furniturefair,Maestra,https://furniturefair.net,mobile,baseline,3,0.37,2152.1859999999997,7536.062,1866.500000000004,0.00049,11077.675201761143,43067.077711309525,8736688,479,7.895000000000001,105981,1192884,29,28569,2026-05-22T07:46:13.891Z,
furniturefair_mobile_blocked_3,furniturefair,Maestra,https://furniturefair.net,mobile,blocked,3,0.41,2291.43725,10412.879499999997,969.943068809509,0.121527,6509.0399798667595,34687.67782430953,6011417,390,8.262000000000002,106027,0,1,21834,2026-05-22T07:46:35.740Z,
furniturefair_mobile_baseline_4,furniturefair,Maestra,https://furniturefair.net,mobile,baseline,4,0.31,2145.3132000000005,8675.386999999999,2491.4999999999964,0.121527,12444.285485192973,46326.448079309506,9442137,537,8.878000000000002,106039,1192387,26,43096,2026-05-22T07:47:18.879Z,
furniturefair_mobile_blocked_4,furniturefair,Maestra,https://furniturefair.net,mobile,blocked,4,0.31,3961.5594999999994,9267.0625,1423.4109311904963,0.121527,7548.971930749745,34878.48392430954,5881202,355,7.286,106057,0,1,22808,2026-05-22T07:47:41.717Z,
furniturefair_mobile_baseline_5,furniturefair,Maestra,https://furniturefair.net,mobile,baseline,5,0.35,2150.0015000000003,9249.892,2423.4999999999927,0.00049,12861.71038347029,45292.67534637541,8733277,488,7.653000000000002,105991,1191147,26,36786,2026-05-22T07:48:18.528Z,
furniturefair_mobile_blocked_5,furniturefair,Maestra,https://furniturefair.net,mobile,blocked,5,0.38,2050.1921999999995,9696.84,1192.5,0.121527,7516.069315658164,35648.11307430954,6012311,391,8.694,106002,0,1,18020,2026-05-22T07:48:36.561Z,
furniturefair_mobile_baseline_6,furniturefair,Maestra,https://furniturefair.net,mobile,baseline,6,0.34,2228.3129999999996,10752.7,2628.5000000000073,0.00049,12899.75060356501,48946.59245000004,9439304,501,7.964,105989,1191154,26,35288,2026-05-22T07:49:11.860Z,
furniturefair_mobile_blocked_6,furniturefair,Maestra,https://furniturefair.net,mobile,blocked,6,0.44,2151.3198,9196.004499999995,994.5000000000055,0.00049,7522.754078511938,34634.391724309535,6012212,391,7.994,106052,0,1,17526,2026-05-22T07:49:29.398Z,
furniturefair_mobile_baseline_7,furniturefair,Maestra,https://furniturefair.net,mobile,baseline,7,0.36,2154.973,9400.106000000002,2044.5,0.00049,11077.298466467442,49206.343755499984,9445026,491,11.353,106002,1192769,29,24448,2026-05-22T07:49:53.879Z,
furniturefair_mobile_blocked_7,furniturefair,Maestra,https://furniturefair.net,mobile,blocked,7,0.36,2143.2905,9424.059000000001,1535.000000000001,0.121527,7449.820116149066,35474.53302430952,6024633,392,6.914,105983,0,1,17683,2026-05-22T07:50:11.574Z,
furniturefair_mobile_baseline_8,furniturefair,Maestra,https://furniturefair.net,mobile,baseline,8,0.35,2295.2168,9424.281,2091.499999999996,0.00049,11512.796006874643,44473.768916375426,9447310,492,8.524999999999999,105994,1194861,29,25012,2026-05-22T07:50:36.626Z,
furniturefair_mobile_blocked_8,furniturefair,Maestra,https://furniturefair.net,mobile,blocked,8,0.36,2155.9771,11593.953499999996,1488.5,0.121527,6974.851948444721,35963.08850780954,6011225,390,6.193000000000001,106041,0,1,17702,2026-05-22T07:50:54.342Z,
furniturefair_mobile_baseline_9,furniturefair,Maestra,https://furniturefair.net,mobile,baseline,9,0.25,3906.791,8671.286,2771,0.121527,11719.551711854758,48703.961033,8733340,490,8.336,105989,1190976,26,43974,2026-05-22T07:51:38.348Z,
furniturefair_mobile_blocked_9,furniturefair,Maestra,https://furniturefair.net,mobile,blocked,9,0.35,3936.833,8369.918,1617.4999999999964,0.00049,7002.259682526692,34619.32767430955,6024547,392,11.289,105992,0,1,17853,2026-05-22T07:51:56.236Z,
furniturefair_mobile_baseline_10,furniturefair,Maestra,https://furniturefair.net,mobile,baseline,10,0.25,3918.4844999999996,9275.8855,2556.999999999989,0.121527,12246.632225495168,45626.435226309506,9440066,504,8,106039,1191590,26,34119,2026-05-22T07:52:30.401Z,
furniturefair_mobile_blocked_10,furniturefair,Maestra,https://furniturefair.net,mobile,blocked,10,0.37,2146.1441999999997,9647.575,1399,0.121527,7066.892150037126,34716.39332430953,6025817,393,7.878,105995,0,1,17855,2026-05-22T07:52:48.268Z,
furniturefair_desktop_baseline_1,furniturefair,Maestra,https://furniturefair.net,desktop,baseline,1,0.81,914.4775,1762.5040000000004,131.50000000000182,0.010513999999999999,3446.129928068267,9703.203666795504,8733151,494,7.6190000000000015,106055,1191849,26,28322,2026-05-22T07:53:16.617Z,
furniturefair_desktop_blocked_1,furniturefair,Maestra,https://furniturefair.net,desktop,blocked,1,0.88,867.268,1731.6389999999997,65,0.04392999999999999,1872.6138318691635,7507.156124309538,6023851,395,9.198,106029,0,1,22711,2026-05-22T07:53:39.340Z,
furniturefair_desktop_baseline_2,furniturefair,Maestra,https://furniturefair.net,desktop,baseline,2,0.83,595.3597500000001,1813.821,109.85156880951126,0.04392999999999999,3269.3331419813903,9385.253823309542,8731145,494,7.9190000000000005,106045,1189038,26,28807,2026-05-22T07:54:08.157Z,
furniturefair_desktop_blocked_2,furniturefair,Maestra,https://furniturefair.net,desktop,blocked,2,0.89,608.7464,1647.4365000000007,81.99999999999909,0.01166,2233.6248686505205,7293.323374309541,6025668,396,7.340999999999999,106047,0,1,23901,2026-05-22T07:54:32.071Z,
furniturefair_desktop_baseline_3,furniturefair,Maestra,https://furniturefair.net,desktop,baseline,3,0.83,882.343,1749.7980000000002,96.00000000000091,0.010322,3254.2148986183697,9510.611976550292,8734064,496,7.590999999999999,106055,1190297,26,28511,2026-05-22T07:55:00.598Z,
furniturefair_desktop_blocked_3,furniturefair,Maestra,https://furniturefair.net,desktop,blocked,3,0.87,887.73,1812.392,66.49999999999955,0.04392999999999999,2025.4371249738208,7345.88177430954,6026870,393,8.506,106063,0,1,17613,2026-05-22T07:55:18.224Z,
furniturefair_desktop_baseline_4,furniturefair,Maestra,https://furniturefair.net,desktop,baseline,4,0.76,900.0785000000001,2325.5645,161,0.010511,3178.880019550005,9492.959624309538,9440226,507,7.441000000000001,105985,1191736,26,31523,2026-05-22T07:55:49.776Z,
furniturefair_desktop_blocked_4,furniturefair,Maestra,https://furniturefair.net,desktop,blocked,4,0.88,952.3265,1768.0924999999997,21.5,0.01166,1914.137823073528,7412.331949309541,6011276,390,7.261000000000001,106030,0,1,17729,2026-05-22T07:56:07.518Z,
furniturefair_desktop_baseline_5,furniturefair,Maestra,https://furniturefair.net,desktop,baseline,5,0.79,883.5519999999999,2098.782,127.5,0.010482,3040.0227267258397,8964.450986375423,8737497,482,7.218999999999999,105978,1193731,31,28393,2026-05-22T07:56:35.920Z,
furniturefair_desktop_blocked_5,furniturefair,Maestra,https://furniturefair.net,desktop,blocked,5,0.88,890.326,1733.029,60.06181880950726,0.010511,2098.221560085697,7463.47712430954,6025758,393,7.377000000000001,106040,0,1,17277,2026-05-22T07:56:53.209Z,
furniturefair_desktop_baseline_6,furniturefair,Maestra,https://furniturefair.net,desktop,baseline,6,0.82,912.043,1725.601,142,0.043740999999999995,2899.87522784539,8573.932174309539,8737432,481,8.298000000000002,106060,1194397,31,22211,2026-05-22T07:57:15.430Z,
furniturefair_desktop_blocked_6,furniturefair,Maestra,https://furniturefair.net,desktop,blocked,6,0.87,869.799,1824.1689999999999,94.49999999999955,0.010801,2029.398581013422,7361.098224309541,6026024,407,6.979000000000001,105997,0,1,18736,2026-05-22T07:57:34.177Z,
furniturefair_desktop_baseline_7,furniturefair,Maestra,https://furniturefair.net,desktop,baseline,7,0.82,574.0454,2181.7209999999995,62,0.010293,2835.9008538661888,8106.548224309534,8724979,491,7.143999999999998,106035,1193488,29,27315,2026-05-22T07:58:01.521Z,
furniturefair_desktop_blocked_7,furniturefair,Maestra,https://furniturefair.net,desktop,blocked,7,0.86,902.0509999999999,1869.1380000000001,81.99999999999909,0.04392999999999999,2222.345224540396,7394.80352430954,6024310,392,8.575000000000001,106058,0,1,18545,2026-05-22T07:58:20.095Z,
furniturefair_desktop_baseline_8,furniturefair,Maestra,https://furniturefair.net,desktop,baseline,8,0.8,923.0989999999999,1688.8909999999994,160,0.043740999999999995,3505.196018377289,9542.372699309542,9371633,473,7.561000000000002,105984,1193744,31,24802,2026-05-22T07:58:44.919Z,
furniturefair_desktop_blocked_8,furniturefair,Maestra,https://furniturefair.net,desktop,blocked,8,0.84,902.0129999999999,2129.9880000000003,87.99999999999955,0.010482,2096.061712851932,7441.365124309538,6049566,395,8.040000000000001,105998,0,1,18027,2026-05-22T07:59:02.958Z,
furniturefair_desktop_baseline_9,furniturefair,Maestra,https://furniturefair.net,desktop,baseline,9,0.77,913.4354999999999,2053.8954999999996,161.0000000000009,0.043740999999999995,3201.243624998632,10497.113374999995,9445324,494,7.423,106057,1194312,31,24200,2026-05-22T07:59:27.190Z,
furniturefair_desktop_blocked_9,furniturefair,Maestra,https://furniturefair.net,desktop,blocked,9,0.86,875.94,1770.81,93.5,0.04392999999999999,2260.00341595851,7388.924186375427,6026474,393,7.559999999999999,106053,0,1,23476,2026-05-22T07:59:50.701Z,
furniturefair_desktop_baseline_10,furniturefair,Maestra,https://furniturefair.net,desktop,baseline,10,0.81,937.6809999999999,1761.4779999999994,141.5000000000009,0.010322,3249.0207648741466,8989.771262309541,8464557,427,6.435999999999998,106056,1193361,31,23608,2026-05-22T08:00:14.335Z,
furniturefair_desktop_blocked_10,furniturefair,Maestra,https://furniturefair.net,desktop,blocked,10,0.87,912.1380000000001,1736.805,35.5,0.045267999999999996,2347.366685861329,7204.907124309539,6011223,403,8.414,106057,0,1,17501,2026-05-22T08:00:31.846Z,
